{
  "train_loss": [
    0.4336409257419074,
    0.3442407709936259,
    0.3142364329705445,
    0.2889194973686865
  ],
  "train_acc": [
    0.8344444444444444,
    0.9123555555555556,
    0.9335111111111111,
    0.9488444444444445
  ],
  "val_loss": [
    0.3647927147377828,
    0.3525595459019303,
    0.3692444430035391,
    0.3615149213060452
  ],
  "val_acc": [
    0.9008,
    0.9076,
    0.9008,
    0.9144
  ]
}